{
  "userInformation-addressInformation-add2": "My Home",
  "userInformation-addressInformation-add21": "",
  "userInformation-addressInformation-city": "Pune",
  "userInformation-addressInformation-country": "UK",
  "userInformation-addressInformation-state": "",
  "userInformation-basicInformation-companyName": "",
  "userInformation-basicInformation-companyRegNumber": "",
  "userInformation-basicInformation-dateOfJoining": null,
  "userInformation-basicInformation-loginid": "",
  "userInformation-kycInformation-kycIdIssueCountry": "",
  "userInformation-kycInformation-kycIdIssueDate": "",
  "userInformation-kycInformation-kycIdIssuePlace": "",
  "userInformation-kycInformation-kycIdType": "",
  "userInformation-kycInformation-kycIdValidFrom": "",
  "userInformation-kycInformation-kycIdValidTo": "",
  "userInformation-kycInformation-kycIdValue": ""
}
