{
   "groups":[
      "basic",
      "kycInformation",
      "profileInformation",
      "hierarchyInformation",
      "enterprisePreferences"
   ],
   "basic":{
      "label":"Basic",
      "sections":[
         "personalInformation",
         "addressInformation",
         "employmentInformation",
         "contactPersonInformation",
         "notificationInformation",
         "otherInformation"
      ],
      "personalInformation":{
         "label":"Personal Information",
         "fields":[
            {
               "label":"",
               "type":"string",
               "pattern":"^[a-zA-Z]*$",
               "apiGroup":"userInformation",
               "apiGroupType":"",
               "apiSection":"basicInformation",
               "apiSectionType":"",
               "isRequired":"",
               "id":"title"
            },
            {
               "label":"",
               "type":"string",
               "pattern":"^[a-zA-Z]*$",
               "apiGroup":"userInformation",
               "apiGroupType":"",
               "apiSection":"basicInformation",
               "apiSectionType":"",
               "isRequired":"Y",
               "id":"firstName"
            },
            {
               "label":"",
               "type":"string",
               "pattern":"^[a-zA-Z]*$",
               "apiGroup":"userInformation",
               "apiGroupType":"",
               "apiSection":"basicInformation",
               "apiSectionType":"",
               "isRequired":"",
               "id":"lastName"
            },
            {
               "label":"",
               "type":"string",
               "pattern":"^[a-zA-Z]*$",
               "apiGroup":"userInformation",
               "apiGroupType":"",
               "apiSection":"basicInformation",
               "apiSectionType":"",
               "isRequired":"",
               "id":"middleName"
            },
            {
               "label":"",
               "type":"string",
               "pattern":"^[0-9]{8,15}$",
               "apiGroup":"userInformation",
               "apiGroupType":"",
               "apiSection":"basicInformation",
               "apiSectionType":"",
               "isRequired":"Y",
               "isUnique":"Y",
               "id":"msisdn"
            },
            {
               "label":"",
               "type":"string",
               "pattern":"^[a-zA-Z]*$",
               "apiGroup":"userInformation",
               "apiGroupType":"",
               "apiSection":"basicInformation",
               "apiSectionType":"",
               "isRequired":"Y",
               "id":"prefLanguage"
            },
            {
               "label":"",
               "type":"string",
               "pattern":"^[a-zA-Z]*$",
               "apiGroup":"userInformation",
               "apiGroupType":"",
               "apiSection":"basicInformation",
               "apiSectionType":"",
               "isRequired":"",
               "id":"externalCode"
            },
            {
               "label":"",
               "type":"string",
               "pattern":"^[a-zA-Z]*$",
               "apiGroup":"userInformation",
               "apiGroupType":"",
               "apiSection":"basicInformation",
               "apiSectionType":"",
               "isRequired":"",
               "id":"shortName"
            },
            {
               "label":"",
               "type":"string",
               "format":"email",
               "apiGroup":"userInformation",
               "apiGroupType":"",
               "apiSection":"basicInformation",
               "apiSectionType":"",
               "isRequired":"",
               "isUnique":"Y",
               "id":"email"
            },
            {
               "label":"",
               "type":"string",
               "pattern":"^[a-zA-Z]*$",
               "apiGroup":"userInformation",
               "apiGroupType":"",
               "apiSection":"basicInformation",
               "apiSectionType":"",
               "isRequired":"",
               "id":"genderId"
            },
            {
               "label":"",
               "type":"string",
               "pattern":"^[a-zA-Z]*$",
               "apiGroup":"userInformation",
               "apiGroupType":"",
               "apiSection":"basicInformation",
               "apiSectionType":"",
               "isRequired":"",
               "id":"maritalStatus"
            },
            {
               "label":"",
               "type":"string",
               "format":"date",
               "apiGroup":"userInformation",
               "apiGroupType":"",
               "apiSection":"basicInformation",
               "apiSectionType":"",
               "isRequired":"",
               "id":"dateOfBirth"
            },
            {
               "label":"",
               "type":"string",
               "pattern":"^[a-zA-Z]*$",
               "apiGroup":"userInformation",
               "apiGroupType":"",
               "apiSection":"basicInformation",
               "apiSectionType":"",
               "isRequired":"",
               "id":"nickName"
            },
            {
               "label":"",
               "type":"string",
               "pattern":"^[a-zA-Z0-9]*$",
               "apiGroup":"userInformation",
               "apiGroupType":"",
               "apiSection":"basicInformation",
               "apiSectionType":"",
               "isRequired":"",
               "id":"webLoginId"
            },
            {
               "label":"",
               "type":"string",
               "pattern":"^[a-zA-Z]*$",
               "apiGroup":"userInformation",
               "apiGroupType":"",
               "apiSection":"basicInformation",
               "apiSectionType":"",
               "isRequired":"",
               "id":"profileImageUrl"
            }
         ]
      },
      "addressInformation":{
         "label":"Address Information",
         "fields":[
            {
               "label":"",
               "type":"string",
               "pattern":"^[a-zA-Z]*$",
               "apiGroup":"userInformation",
               "apiGroupType":"",
               "apiSection":"addressInformation",
               "apiSectionType":"",
               "isRequired":"",
               "id":"address1"
            },
            {
               "label":"",
               "type":"string",
               "pattern":"^[a-zA-Z]*$",
               "apiGroup":"userInformation",
               "apiGroupType":"",
               "apiSection":"addressInformation",
               "apiSectionType":"",
               "isRequired":"",
               "id":"address2"
            },
            {
               "label":"",
               "type":"string",
               "pattern":"^[a-zA-Z]*$",
               "apiGroup":"userInformation",
               "apiGroupType":"",
               "apiSection":"addressInformation",
               "apiSectionType":"",
               "isRequired":"",
               "id":"city"
            },
            {
               "label":"",
               "type":"string",
               "pattern":"^[a-zA-Z]*$",
               "apiGroup":"userInformation",
               "apiGroupType":"",
               "apiSection":"addressInformation",
               "apiSectionType":"",
               "isRequired":"",
               "id":"district"
            },
            {
               "label":"",
               "type":"string",
               "pattern":"^[a-zA-Z]*$",
               "apiGroup":"userInformation",
               "apiGroupType":"",
               "apiSection":"addressInformation",
               "apiSectionType":"",
               "isRequired":"",
               "id":"state"
            },
            {
               "label":"",
               "type":"string",
               "pattern":"^[a-zA-Z]*$",
               "apiGroup":"userInformation",
               "apiGroupType":"",
               "apiSection":"addressInformation",
               "apiSectionType":"",
               "isRequired":"",
               "id":"country"
            },
            {
               "label":"",
               "type":"string",
               "pattern":"^[a-zA-Z]*$",
               "apiGroup":"userInformation",
               "apiGroupType":"",
               "apiSection":"addressInformation",
               "apiSectionType":"",
               "isRequired":"",
               "id":"nationality"
            },
            {
               "label":"",
               "type":"string",
               "pattern":"^[a-zA-Z]*$",
               "apiGroup":"userInformation",
               "apiGroupType":"",
               "apiSection":"addressInformation",
               "apiSectionType":"",
               "isRequired":"",
               "id":"residenceCountry"
            },
            {
               "label":"",
               "type":"string",
               "pattern":"^[0-9]*$",
               "apiGroup":"userInformation",
               "apiGroupType":"",
               "apiSection":"addressInformation",
               "apiSectionType":"",
               "isRequired":"",
               "id":"postalCode"
            },
            {
               "label":"",
               "type":"string",
               "pattern":"^[a-zA-Z]*$",
               "apiGroup":"userInformation",
               "apiGroupType":"",
               "apiSection":"addressInformation",
               "apiSectionType":"",
               "isRequired":"",
               "id":"citizenship"
            }
         ]
      },
      "employmentInformation":{
         "label":"Employment Information",
         "fields":[
            {
               "label":"",
               "type":"string",
               "pattern":"^[a-zA-Z]*$",
               "apiGroup":"userInformation",
               "apiGroupType":"",
               "apiSection":"employmentInformation",
               "apiSectionType":"",
               "isRequired":"",
               "id":"designation"
            },
            {
               "label":"",
               "type":"string",
               "pattern":"^[a-zA-Z]*$",
               "apiGroup":"userInformation",
               "apiGroupType":"",
               "apiSection":"employmentInformation",
               "apiSectionType":"",
               "isRequired":"",
               "id":"employerName"
            },
            {
               "label":"",
               "type":"string",
               "format":"date",
               "apiGroup":"userInformation",
               "apiGroupType":"",
               "apiSection":"employmentInformation",
               "apiSectionType":"",
               "isRequired":"",
               "id":"appointmentDate"
            },
            {
               "label":"",
               "type":"string",
               "pattern":"^[a-zA-Z]*$",
               "apiGroup":"userInformation",
               "apiGroupType":"",
               "apiSection":"employmentInformation",
               "apiSectionType":"",
               "isRequired":"",
               "id":"companyLogoImageURL"
            },
            {
               "label":"",
               "type":"string",
               "pattern":"^[a-zA-Z]*$",
               "apiGroup":"userInformation",
               "apiGroupType":"",
               "apiSection":"employmentInformation",
               "apiSectionType":"",
               "isRequired":"",
               "id":"employeeCode"
            }
         ]
      },
      "contactPersonInformation":{
         "label":"Contact Person Information",
         "fields":[
            {
               "label":"",
               "type":"string",
               "pattern":"^[a-zA-Z]*$",
               "apiGroup":"userInformation",
               "apiGroupType":"",
               "apiSection":"contactPersonInformation",
               "apiSectionType":"",
               "isRequired":"",
               "id":"relationship"
            },
            {
               "label":"",
               "type":"string",
               "pattern":"^[a-zA-Z]*$",
               "apiGroup":"userInformation",
               "apiGroupType":"",
               "apiSection":"contactPersonInformation",
               "apiSectionType":"",
               "isRequired":"",
               "id":"contactPersonName"
            },
            {
               "label":"",
               "type":"string",
               "pattern":"^[0-9]*$",
               "apiGroup":"userInformation",
               "apiGroupType":"",
               "apiSection":"contactPersonInformation",
               "apiSectionType":"",
               "isRequired":"",
               "id":"contactNo"
            },
            {
               "label":"",
               "type":"string",
               "pattern":"^[a-zA-Z]*$",
               "apiGroup":"userInformation",
               "apiGroupType":"",
               "apiSection":"contactPersonInformation",
               "apiSectionType":"",
               "isRequired":"",
               "id":"contactIdType"
            },
            {
               "label":"",
               "type":"string",
               "pattern":"^[a-zA-Z0-9]*$",
               "apiGroup":"userInformation",
               "apiGroupType":"",
               "apiSection":"contactPersonInformation",
               "apiSectionType":"",
               "isRequired":"",
               "id":"contactIdNo"
            }
         ]
      },
      "notificationInformation":{
         "label":"Notification Information",
         "fields":[
            {
               "label":"",
               "type":"string",
               "pattern":"^[a-zA-Z]*$",
               "apiGroup":"userInformation",
               "apiGroupType":"",
               "apiSection":"notificationInformation",
               "apiSectionType":"",
               "isRequired":"",
               "id":"url"
            },
            {
               "label":"",
               "type":"string",
               "pattern":"^[a-zA-Z]*$",
               "apiGroup":"userInformation",
               "apiGroupType":"",
               "apiSection":"notificationInformation",
               "apiSectionType":"",
               "isRequired":"",
               "id":"transactionSMS"
            },
            {
               "label":"",
               "type":"string",
               "pattern":"^[a-zA-Z]*$",
               "apiGroup":"userInformation",
               "apiGroupType":"",
               "apiSection":"notificationInformation",
               "apiSectionType":"",
               "isRequired":"",
               "id":"transactionEmail"
            },
            {
               "label":"",
               "type":"string",
               "pattern":"^[a-zA-Z]*$",
               "apiGroup":"userInformation",
               "apiGroupType":"",
               "apiSection":"notificationInformation",
               "apiSectionType":"",
               "isRequired":"",
               "id":"adminSMS"
            }
         ]
      },
      "otherInformation":{
         "label":"Other Information",
         "fields":[
            {
               "label":"",
               "type":"string",
               "pattern":"^[a-zA-Z0-9]*$",
               "apiGroup":"userInformation",
               "apiGroupType":"",
               "apiSection":"otherInformation",
               "apiSectionType":"",
               "isRequired":"",
               "id":"allowedDays"
            },
            {
               "label":"",
               "type":"string",
               "format":"time",
               "apiGroup":"userInformation",
               "apiGroupType":"",
               "apiSection":"otherInformation",
               "apiSectionType":"",
               "isRequired":"",
               "id":"allowedFromTime"
            },
            {
               "label":"",
               "type":"string",
               "format":"time",
               "apiGroup":"userInformation",
               "apiGroupType":"",
               "apiSection":"otherInformation",
               "apiSectionType":"",
               "isRequired":"",
               "id":"allowedToTime"
            },
            {
               "label":"",
               "type":"string",
               "pattern":"^[a-zA-Z0-9]*$",
               "apiGroup":"userInformation",
               "apiGroupType":"",
               "apiSection":"otherInformation",
               "apiSectionType":"",
               "isRequired":"",
               "id":"regFormNum"
            },
            {
               "label":"",
               "type":"string",
               "pattern":"^[a-zA-Z]*$",
               "apiGroup":"userInformation",
               "apiGroupType":"",
               "apiSection":"otherInformation",
               "apiSectionType":"",
               "isRequired":"",
               "id":"supportsDailyTransactionStmt"
            },
            {
               "label":"",
               "type":"string",
               "pattern":"^[a-zA-Z]*$",
               "apiGroup":"userInformation",
               "apiGroupType":"",
               "apiSection":"otherInformation",
               "apiSectionType":"",
               "isRequired":"",
               "id":"supportsOnlineTransactionReversalRow"
            },
            {
               "label":"",
               "type":"string",
               "pattern":"^[a-zA-Z]*$",
               "apiGroup":"userInformation",
               "apiGroupType":"",
               "apiSection":"otherInformation",
               "apiSectionType":"",
               "isRequired":"",
               "id":"showOnMerchantLocator"
            },
            {
               "label":"",
               "type":"string",
               "pattern":"^[a-zA-Z]*$",
               "apiGroup":"userInformation",
               "apiGroupType":"",
               "apiSection":"otherInformation",
               "apiSectionType":"",
               "isRequired":"",
               "id":"showOnAgentLocator"
            },
            {
               "label":"",
               "type":"integer",
               "apiGroup":"userInformation",
               "apiGroupType":"",
               "apiSection":"otherInformation",
               "apiSectionType":"",
               "isRequired":"",
               "id":"latitude"
            },
            {
               "label":"",
               "type":"integer",
               "apiGroup":"userInformation",
               "apiGroupType":"",
               "apiSection":"otherInformation",
               "apiSectionType":"",
               "isRequired":"",
               "id":"longitude"
            },
            {
               "label":"",
               "type":"string",
               "format":"ipv4",
               "apiGroup":"userInformation",
               "apiGroupType":"",
               "apiSection":"otherInformation",
               "apiSectionType":"",
               "isRequired":"",
               "id":"allowedIp"
            },
            {
               "label":"",
               "type":"string",
               "pattern":"^[a-zA-Z]*$",
               "apiGroup":"userInformation",
               "apiGroupType":"",
               "apiSection":"otherInformation",
               "apiSectionType":"",
               "isRequired":"",
               "id":"autoSweepAllowed"
            },
            {
               "label":"",
               "type":"string",
               "pattern":"^[a-zA-Z]*$",
               "apiGroup":"userInformation",
               "apiGroupType":"",
               "apiSection":"otherInformation",
               "apiSectionType":"",
               "isRequired":"",
               "id":"sourceofIncome"
            },
            {
               "label":"",
               "type":"string",
               "pattern":"^[a-zA-Z0-9]*$",
               "apiGroup":"userInformation",
               "apiGroupType":"",
               "apiSection":"otherInformation",
               "apiSectionType":"",
               "isRequired":"",
               "id":"monthlyTurnOver"
            },
            {
               "label":"",
               "type":"string",
               "pattern":"^[a-zA-Z]*$",
               "apiGroup":"userInformation",
               "apiGroupType":"",
               "apiSection":"otherInformation",
               "apiSectionType":"",
               "isRequired":"",
               "id":"displayAppointmentDate"
            },
            {
               "label":"",
               "type":"string",
               "pattern":"^[a-zA-Z0-9]*$",
               "apiGroup":"userInformation",
               "apiGroupType":"",
               "apiSection":"otherInformation",
               "apiSectionType":"",
               "isRequired":"",
               "id":"ssn"
            },
            {
               "label":"",
               "type":"string",
               "pattern":"^[a-zA-Z]*$",
               "apiGroup":"userInformation",
               "apiGroupType":"",
               "apiSection":"otherInformation",
               "apiSectionType":"",
               "isRequired":"",
               "id":"lastname2"
            },
            {
               "label":"",
               "type":"string",
               "pattern":"^[a-zA-Z]*$",
               "apiGroup":"userInformation",
               "apiGroupType":"",
               "apiSection":"otherInformation",
               "apiSectionType":"",
               "isRequired":"",
               "id":"husbandLastName"
            },
            {
               "label":"",
               "type":"string",
               "pattern":"^[a-zA-Z0-9]*$",
               "apiGroup":"userInformation",
               "apiGroupType":"",
               "apiSection":"otherInformation",
               "apiSectionType":"",
               "isRequired":"",
               "id":"placeId"
            },
            {
               "label":"",
               "type":"string",
               "pattern":"^[a-zA-Z0-9]*$",
               "apiGroup":"userInformation",
               "apiGroupType":"",
               "apiSection":"otherInformation",
               "apiSectionType":"",
               "isRequired":"",
               "id":"placeOfBirth"
            },
            {
               "label":"",
               "type":"string",
               "pattern":"^[a-zA-Z0-9]*$",
               "apiGroup":"userInformation",
               "apiGroupType":"",
               "apiSection":"otherInformation",
               "apiSectionType":"",
               "isRequired":"",
               "id":"attribute1"
            },
            {
               "label":"",
               "type":"string",
               "pattern":"^[a-zA-Z0-9]*$",
               "apiGroup":"userInformation",
               "apiGroupType":"",
               "apiSection":"otherInformation",
               "apiSectionType":"",
               "isRequired":"",
               "id":"attribute2"
            },
            {
               "label":"",
               "type":"string",
               "pattern":"^[a-zA-Z0-9]*$",
               "apiGroup":"userInformation",
               "apiGroupType":"",
               "apiSection":"otherInformation",
               "apiSectionType":"",
               "isRequired":"",
               "id":"attribute3"
            },
            {
               "label":"",
               "type":"string",
               "pattern":"^[a-zA-Z0-9]*$",
               "apiGroup":"userInformation",
               "apiGroupType":"",
               "apiSection":"otherInformation",
               "apiSectionType":"",
               "isRequired":"",
               "id":"attribute4"
            },
            {
               "label":"",
               "type":"string",
               "pattern":"^[a-zA-Z0-9]*$",
               "apiGroup":"userInformation",
               "apiGroupType":"",
               "apiSection":"otherInformation",
               "apiSectionType":"",
               "isRequired":"",
               "id":"attribute5"
            },
            {
               "label":"",
               "type":"string",
               "pattern":"^[a-zA-Z0-9]*$",
               "apiGroup":"userInformation",
               "apiGroupType":"",
               "apiSection":"otherInformation",
               "apiSectionType":"",
               "isRequired":"",
               "id":"attribute6"
            },
            {
               "label":"",
               "type":"string",
               "pattern":"^[a-zA-Z0-9]*$",
               "apiGroup":"userInformation",
               "apiGroupType":"",
               "apiSection":"otherInformation",
               "apiSectionType":"",
               "isRequired":"",
               "id":"attribute7"
            },
            {
               "label":"",
               "type":"string",
               "pattern":"^[a-zA-Z0-9]*$",
               "apiGroup":"userInformation",
               "apiGroupType":"",
               "apiSection":"otherInformation",
               "apiSectionType":"",
               "isRequired":"",
               "id":"attribute8"
            },
            {
               "label":"",
               "type":"string",
               "pattern":"^[a-zA-Z0-9]*$",
               "apiGroup":"userInformation",
               "apiGroupType":"",
               "apiSection":"otherInformation",
               "apiSectionType":"",
               "isRequired":"",
               "id":"attribute9"
            },
            {
               "label":"",
               "type":"string",
               "pattern":"^[a-zA-Z0-9]*$",
               "apiGroup":"userInformation",
               "apiGroupType":"",
               "apiSection":"otherInformation",
               "apiSectionType":"",
               "isRequired":"",
               "id":"attribute10"
            },
            {
               "label":"",
               "type":"string",
               "pattern":"^[a-zA-Z]*$",
               "apiGroup":"userInformation",
               "apiGroupType":"",
               "apiSection":"otherInformation",
               "apiSectionType":"",
               "isRequired":"",
               "id":"merchantType"
            },
            {
               "label":"",
               "type":"string",
               "pattern":"^[a-zA-Z0-9]*$",
               "apiGroup":"userInformation",
               "apiGroupType":"",
               "apiSection":"otherInformation",
               "apiSectionType":"",
               "isRequired":"",
               "id":"custGeo"
            },
            {
               "label":"",
               "type":"string",
               "pattern":"^[a-zA-Z0-9]*$",
               "apiGroup":"userInformation",
               "apiGroupType":"",
               "apiSection":"otherInformation",
               "apiSectionType":"",
               "isRequired":"",
               "id":"supGeo"
            },
            {
               "label":"",
               "type":"string",
               "pattern":"^[a-zA-Z]*$",
               "apiGroup":"userInformation",
               "apiGroupType":"",
               "apiSection":"otherInformation",
               "apiSectionType":"",
               "isRequired":"",
               "id":"comName"
            },
            {
               "label":"",
               "type":"string",
               "pattern":"^[a-zA-Z]*$",
               "apiGroup":"userInformation",
               "apiGroupType":"",
               "apiSection":"otherInformation",
               "apiSectionType":"",
               "isRequired":"",
               "id":"comName2"
            },
            {
               "label":"",
               "type":"string",
               "pattern":"^[a-zA-Z]*$",
               "apiGroup":"userInformation",
               "apiGroupType":"",
               "apiSection":"otherInformation",
               "apiSectionType":"",
               "isRequired":"",
               "id":"shopName"
            },
            {
               "label":"",
               "type":"string",
               "pattern":"^[a-zA-Z0-9]*$",
               "apiGroup":"userInformation",
               "apiGroupType":"",
               "apiSection":"otherInformation",
               "apiSectionType":"",
               "isRequired":"",
               "id":"avgExpense"
            },
            {
               "label":"",
               "type":"string",
               "pattern":"^[a-zA-Z0-9]*$",
               "apiGroup":"userInformation",
               "apiGroupType":"",
               "apiSection":"otherInformation",
               "apiSectionType":"",
               "isRequired":"",
               "id":"avgEmp"
            },
            {
               "label":"",
               "type":"string",
               "pattern":"^[a-zA-Z0-9]*$",
               "apiGroup":"userInformation",
               "apiGroupType":"",
               "apiSection":"otherInformation",
               "apiSectionType":"",
               "isRequired":"",
               "id":"scmName1"
            },
            {
               "label":"",
               "type":"string",
               "pattern":"^[a-zA-Z0-9]*$",
               "apiGroup":"userInformation",
               "apiGroupType":"",
               "apiSection":"otherInformation",
               "apiSectionType":"",
               "isRequired":"",
               "id":"scmName2"
            },
            {
               "label":"",
               "type":"string",
               "pattern":"^[a-zA-Z0-9]*$",
               "apiGroup":"userInformation",
               "apiGroupType":"",
               "apiSection":"otherInformation",
               "apiSectionType":"",
               "isRequired":"",
               "id":"scmName3"
            },
            {
               "label":"",
               "type":"string",
               "pattern":"^[a-zA-Z0-9]*$",
               "apiGroup":"userInformation",
               "apiGroupType":"",
               "apiSection":"otherInformation",
               "apiSectionType":"",
               "isRequired":"",
               "id":"scmName4"
            },
            {
               "label":"",
               "type":"string",
               "pattern":"^[a-zA-Z0-9]*$",
               "apiGroup":"userInformation",
               "apiGroupType":"",
               "apiSection":"otherInformation",
               "apiSectionType":"",
               "isRequired":"",
               "id":"bankName"
            },
            {
               "label":"",
               "type":"string",
               "pattern":"^[a-zA-Z0-9]*$",
               "apiGroup":"userInformation",
               "apiGroupType":"",
               "apiSection":"otherInformation",
               "apiSectionType":"",
               "isRequired":"",
               "id":"bankAccno"
            },
            {
               "label":"",
               "type":"string",
               "pattern":"^[a-zA-Z0-9]*$",
               "apiGroup":"userInformation",
               "apiGroupType":"",
               "apiSection":"otherInformation",
               "apiSectionType":"",
               "isRequired":"",
               "id":"channelId"
            },
            {
               "label":"",
               "type":"string",
               "pattern":"^[a-zA-Z0-9]*$",
               "apiGroup":"userInformation",
               "apiGroupType":"",
               "apiSection":"otherInformation",
               "apiSectionType":"",
               "isRequired":"",
               "id":"dmsId"
            },
            {
               "label":"",
               "type":"string",
               "pattern":"^[a-zA-Z0-9]*$",
               "apiGroup":"userInformation",
               "apiGroupType":"",
               "apiSection":"otherInformation",
               "apiSectionType":"",
               "isRequired":"",
               "id":"comTaxId"
            },
            {
               "label":"",
               "type":"string",
               "pattern":"^[a-zA-Z0-9]*$",
               "apiGroup":"userInformation",
               "apiGroupType":"",
               "apiSection":"otherInformation",
               "apiSectionType":"",
               "isRequired":"",
               "id":"personal1"
            },
            {
               "label":"",
               "type":"string",
               "pattern":"^[a-zA-Z0-9]*$",
               "apiGroup":"userInformation",
               "apiGroupType":"",
               "apiSection":"otherInformation",
               "apiSectionType":"",
               "isRequired":"",
               "id":"personal2"
            },
            {
               "label":"",
               "type":"string",
               "pattern":"^[a-zA-Z0-9]*$",
               "apiGroup":"userInformation",
               "apiGroupType":"",
               "apiSection":"otherInformation",
               "apiSectionType":"",
               "isRequired":"",
               "id":"personal3"
            },
            {
               "label":"",
               "type":"string",
               "pattern":"^[a-zA-Z0-9]*$",
               "apiGroup":"userInformation",
               "apiGroupType":"",
               "apiSection":"otherInformation",
               "apiSectionType":"",
               "isRequired":"",
               "id":"personal4"
            },
            {
               "label":"",
               "type":"string",
               "pattern":"^[a-zA-Z0-9]*$",
               "apiGroup":"userInformation",
               "apiGroupType":"",
               "apiSection":"otherInformation",
               "apiSectionType":"",
               "isRequired":"",
               "id":"contactTaxId"
            },
            {
               "label":"",
               "type":"string",
               "pattern":"^[a-zA-Z0-9]*$",
               "apiGroup":"userInformation",
               "apiGroupType":"",
               "apiSection":"otherInformation",
               "apiSectionType":"",
               "isRequired":"",
               "id":"comAct"
            },
            {
               "label":"",
               "type":"string",
               "pattern":"^[a-zA-Z0-9]*$",
               "apiGroup":"userInformation",
               "apiGroupType":"",
               "apiSection":"otherInformation",
               "apiSectionType":"",
               "isRequired":"",
               "id":"comType"
            }
         ]
      }
   },
   "kycInformation":{
      "label":"Kyc Information",
      "fields":[
         {
            "label":"",
            "type":"string",
            "pattern":"^[a-zA-Z]*$",
            "apiGroup":"kycInformation",
            "apiGroupType":"array",
            "apiSection":"",
            "apiSectionType":"",
            "isRequired":"",
            "id":"kycIdIssueCountry"
         },
         {
            "label":"",
            "type":"string",
            "format":"date",
            "apiGroup":"kycInformation",
            "apiGroupType":"array",
            "apiSection":"",
            "apiSectionType":"",
            "isRequired":"",
            "id":"kycIdIssueDate"
         },
         {
            "label":"",
            "type":"string",
            "pattern":"^[a-zA-Z]*$",
            "apiGroup":"kycInformation",
            "apiGroupType":"array",
            "apiSection":"",
            "apiSectionType":"",
            "isRequired":"",
            "id":"kycIdIssuePlace"
         },
         {
            "label":"",
            "type":"string",
            "pattern":"^[a-zA-Z]*$",
            "apiGroup":"kycInformation",
            "apiGroupType":"array",
            "apiSection":"",
            "apiSectionType":"",
            "isRequired":"",
            "id":"isKycIdExpires"
         },
         {
            "label":"",
            "type":"string",
            "pattern":"^[a-zA-Z]*$",
            "apiGroup":"kycInformation",
            "apiGroupType":"array",
            "apiSection":"",
            "apiSectionType":"",
            "isRequired":"Y",
            "id":"isPrimaryKYCId"
         },
         {
            "label":"",
            "type":"string",
            "format":"date",
            "apiGroup":"kycInformation",
            "apiGroupType":"array",
            "apiSection":"",
            "apiSectionType":"",
            "isRequired":"",
            "id":"kycIdValidFrom"
         },
         {
            "label":"",
            "type":"string",
            "format":"date",
            "apiGroup":"kycInformation",
            "apiGroupType":"array",
            "apiSection":"",
            "apiSectionType":"",
            "isRequired":"",
            "id":"kycIdValidTo"
         },
         {
            "label":"",
            "type":"string",
            "pattern":"^[a-zA-Z]*$",
            "apiGroup":"kycInformation",
            "apiGroupType":"array",
            "apiSection":"",
            "apiSectionType":"",
            "isRequired":"Y",
            "id":"kycIdType"
         },
         {
            "label":"",
            "type":"string",
            "pattern":"^[a-zA-Z]*$",
            "apiGroup":"kycInformation",
            "apiGroupType":"array",
            "apiSection":"",
            "apiSectionType":"",
            "isRequired":"Y",
            "id":"kycIdValue"
         },
         {
            "label":"",
            "type":"string",
            "pattern":"^[a-zA-Z]*$",
            "apiGroup":"kycInformation",
            "apiGroupType":"array",
            "apiSection":"",
            "apiSectionType":"",
            "isRequired":"",
            "id":"kycImageUrl"
         }
      ]
   },
   "profileInformation":{
      "label":"Profile Information",
      "fields":[
         {
            "label":"",
            "type":"string",
            "pattern":"^[a-zA-Z]*$",
            "apiGroup":"profileInformation",
            "apiGroupType":"",
            "apiSection":"",
            "apiSectionType":"",
            "isRequired":"Y",
            "id":"regulatoryProfile"
         },
         {
            "label":"",
            "type":"string",
            "pattern":"^[a-zA-Z]*$",
            "apiGroup":"profileInformation",
            "apiGroupType":"",
            "apiSection":"",
            "apiSectionType":"",
            "isRequired":"Y",
            "id":"marketingProfile"
         },
         {
            "label":"",
            "type":"string",
            "pattern":"^[a-zA-Z]*$",
            "apiGroup":"profileInformation",
            "apiGroupType":"",
            "apiSection":"",
            "apiSectionType":"",
            "isRequired":"",
            "id":"geography"
         }
      ]
   },
   "hierarchyInformation":{
      "label":"Hierarchy Information",
      "fields":[
         {
            "label":"",
            "type":"string",
            "pattern":"^[a-zA-Z]*$",
            "apiGroup":"hierarchyInformation",
            "apiGroupType":"",
            "apiSection":"",
            "apiSectionType":"",
            "isRequired":"",
            "id":"parentId"
         },
         {
            "label":"",
            "type":"string",
            "pattern":"^[a-zA-Z]*$",
            "apiGroup":"hierarchyInformation",
            "apiGroupType":"",
            "apiSection":"",
            "apiSectionType":"",
            "isRequired":"",
            "id":"ownerId"
         }
      ]
   },
   "enterprisePreferences":{
      "label":"Enterprise Preferences",
      "sections":[
         "enterpriseServicePreferences"
      ],
      "enterpriseServicePreferences":{
         "label":"Enterprise ServicePreferences",
         "fields":[
            {
               "label":"",
               "type":"string",
               "pattern":"^[a-zA-Z]*$",
               "apiGroup":"enterprisePreferences",
               "apiGroupType":"",
               "apiSection":"enterpriseServicePreferences",
               "apiSectionType":"array",
               "isRequired":"",
               "id":"enterpriseCategoryPaymentTypeId"
            },
            {
               "label":"",
               "type":"string",
               "pattern":"^[a-zA-Z]*$",
               "apiGroup":"enterprisePreferences",
               "apiGroupType":"",
               "apiSection":"enterpriseServicePreferences",
               "apiSectionType":"array",
               "isRequired":"",
               "id":"enterprisePayeeCategoryCode"
            }
         ]
      },
      "fields":[
         {
            "label":"",
            "type":"integer",
            "apiGroup":"enterprisePreferences",
            "apiGroupType":"",
            "apiSection":"",
            "apiSectionType":"",
            "isRequired":"",
            "id":"enterpriselimit"
         },
         {
            "label":"",
            "type":"string",
            "pattern":"^[a-zA-Z]*$",
            "apiGroup":"enterprisePreferences",
            "apiGroupType":"",
            "apiSection":"",
            "apiSectionType":"",
            "isRequired":"",
            "id":"bulkPayerType"
         },
         {
            "label":"",
            "type":"string",
            "pattern":"^[a-zA-Z]*$",
            "apiGroup":"enterprisePreferences",
            "apiGroupType":"",
            "apiSection":"",
            "apiSectionType":"",
            "isRequired":"",
            "id":"bulkPaymentregRequired"
         },
         {
            "label":"",
            "type":"string",
            "pattern":"^[a-zA-Z]*$",
            "apiGroup":"enterprisePreferences",
            "apiGroupType":"",
            "apiSection":"",
            "apiSectionType":"",
            "isRequired":"",
            "id":"companyCode"
         },
         {
            "label":"",
            "type":"string",
            "pattern":"^[a-zA-Z]*$",
            "apiGroup":"enterprisePreferences",
            "apiGroupType":"",
            "apiSection":"",
            "apiSectionType":"",
            "isRequired":"",
            "id":"unRegBpMode"
         }
      ]
   }
}
